date,yellow_tub,species_card,species,number,treatment,name,event,Y_II (PAM),n,int_mean,int_std_dev,int_mode,red_mean,red_std_dev,red_mode,green_mean,green_std_dev,green_mode,blue_mean,blue_std_dev,blue_mode
21_11_9,1,10,cham,25,low,L_4,pre_stress,0.363,67181,45.815,18.232,43(2132),54.846,18.512,56(2059),43.132,19.2,38(2092),39.529,17.542,35(2285)
21_11_9,1,10,calli,46,low,L_4,pre_stress,0.276,293382,57.504,23.071,54(6923),75.109,23.245,71(6367),48.954,24.075,43(6672),48.525,23.136,45(6474)
21_11_9,1,10,chillensis,26,low,L_4,pre_stress,0.258,93590,59.519,29.249,44(2244),76.014,28.706,68(1976),52.899,30.75,33(2206),49.741,29.055,34(2413)
21_11_9,1,32,cham,6,control,C_8,pre_stress,0.3,85456,41.759,15.813,40(2521),49.232,16.071,47(2431),39.091,16.536,36(2571),36.958,15.249,30(2603)
21_11_9,1,32,calli,4,control,C_8,pre_stress,0.239,73586,78.48,23.687,69(1806),101.624,22.971,97(1545),66.61,26.505,55(1622),67.228,23.224,58(1720)
21_11_9,1,32,chillensis,23,control,C_8,pre_stress,0.366,193591,60.326,26.646,43(3794),74.412,26.16,61(3828),55.373,28.279,38(3730),51.264,26.678,35(3734)
21_11_9,1,15,cham,4,control,C_3,pre_stress,0.433,48321,50.217,15.378,48(1735),59.08,15.543,60(1714),47.754,15.931,45(1615),43.855,15.372,40(1635)
21_11_9,1,15,calli,47,control,C_3,pre_stress,0.278,237907,60.027,21.605,47(7478),85.319,21.115,78(6119),46.904,23.235,40(7996),47.944,22.404,38(7411)
21_11_9,1,15,chillensis,6,control,C_3,pre_stress,0.289,137741,52.455,27.429,34(3034),65.799,26.948,50(2987),46.457,29.49,23(3269),45.196,26.99,26(2926)
21_11_9,1,9,cham,28,low,L_3,pre_stress,0.265,54777,45.827,15.46,45(2074),53.804,15.759,55(1939),43.828,16.201,41(2011),39.842,14.972,35(2043)
21_11_9,1,9,calli,48,low,L_3,pre_stress,0.373,338906,40.775,24.122,26(11243),56.584,25.684,46(9484),33.586,24.576,17(14350),32.276,23.318,16(13863)
21_11_9,1,9,chillensis,4,low,L_3,pre_stress,0.333,85529,42.827,21.953,30(3032),57.279,21.984,49(2586),37.635,23.707,20(3204),33.658,21.591,17(3268)
21_11_9,1,14,cham,10,high,H_4,pre_stress,0.383,48917,52.708,17.007,47(1636),73.907,17.629,72(1527),44.509,18.749,33(1588),39.844,16.301,34(1848)
21_11_9,1,14,calli,35,high,H_4,pre_stress,0.202,324105,48.546,26.721,33(9022),65.275,27.845,51(7298),40.885,28,23(10249),39.574,25.611,22(9525)
21_11_9,1,14,chillensis,25,high,H_4,pre_stress,0.29,201818,44.028,26.074,22(5384),56.702,27.3,40(4057),39.027,27.264,16(7606),36.436,24.842,16(6964)
21_11_9,1,23,cham,22,control,C_5,pre_stress,0.411,61058,44.574,16.301,41(2122),51.514,16.624,49(2009),41.922,16.557,37(2249),40.27,16.25,39(2105)
21_11_9,1,23,calli,12,control,C_5,pre_stress,0.197,228223,54.382,25.026,42(6916),77.169,25.203,67(5852),43.755,26.672,31(7160),42.286,24.9,29(6562)
21_11_9,1,23,chillensis,19,control,C_5,pre_stress,0.299,156803,47.604,24.402,31(3899),59.001,25.042,46(3317),43.059,25.684,26(4184),40.826,23.706,24(4055)
21_11_9,1,6,cham,9**,high,H_2,pre_stress,0.302,60550,44.892,21.476,34(1941),60.26,21.641,52(1673),39.222,22.969,29(2048),35.309,20.644,26(2043)
21_11_9,1,6,calli,20,high,H_2,pre_stress,0.336,538444,39.092,23.792,25(20019),57.212,24.286,47(13364),30.59,24.709,17(29744),29.572,23.475,15(26481)
21_11_9,1,6,chillensis,22,high,H_2,pre_stress,0.34,197880,47.531,27.647,30(4586),62.222,27.768,49(3994),41.015,28.676,18(5957),39.459,27.462,17(5608)
21_11_9,1,7,cham,26,control,C_1,pre_stress,0.303,51187,42.612,19.507,39(1307),50.386,20.322,48(1172),41.095,20.258,37(1350),36.367,18.532,31(1441)
21_11_9,1,7,calli,39,control,C_1,pre_stress,0.242,375183,43.444,23.341,37(10720),62.52,25.254,58(8689),34.983,24.07,27(12045),32.929,22.255,24(11425)
21_11_9,1,7,chillensis,10,control,C_1,pre_stress,0.316,71399,42.856,23.675,21(2412),57.252,23.694,35(1733),37.893,24.988,16(2771),33.522,23.34,13(2728)
21_11_9,2,25,cham,17,low,L_7,pre_stress,0.466,54254,46.045,24.07,32(2106),54.082,24.767,40(1744),43.247,25.371,30(2104),40.831,22.903,31(2275)
21_11_9,2,25,calli,21,low,L_7,pre_stress,0.217,338868,44.032,24.389,30(9008),61.853,25.575,56(7888),35.446,25.058,19(14200),34.888,24.167,18(12246)
21_11_9,2,25,chillensis,20,low,L_7,pre_stress,0.34,70483,55.79,23.79,51(1482),70.585,24.403,66(1400),50.73,25.417,37(1395),46.141,23.126,41(1517)
21_11_9,2,20,cham,24**,mid,M_6,pre_stress,0.345,81584,45.785,19.564,44(2569),51.273,19.502,51(2619),43.331,20.461,41(2540),42.655,19.207,41(2495)
21_11_9,2,20,calli,45,mid,M_6,pre_stress,0.208,258577,49.122,24.336,45(6744),64.86,26.624,67(5354),41.894,24.422,33(7531),40.691,23.388,33(7368)
21_11_9,2,20,chillensis,21,mid,M_6,pre_stress,0.327,200252,41.813,23.847,27(6067),52.848,25.056,42(4594),37.633,24.513,21(7712),35.006,23.046,20(7558)
21_11_9,2,30,cham,1,high,H_8,pre_stress,0.37,74572,43.673,16.168,37(2049),51.939,17.461,39(1849),41.114,16.994,34(2114),37.992,14.799,32(2355)
21_11_9,2,30,calli,17,high,H_8,pre_stress,0.289,199048,49.443,20.874,45(6232),67.288,21.414,67(5332),40.493,21.929,34(6803),40.601,20.638,34(6467)
21_11_9,2,30,chillensis,29,high,H_8,pre_stress,0.298,172248,51.377,25.955,42(4280),66.374,26.445,58(3928),44.597,27.688,21(5527),43.254,24.952,21(4269)
21_11_9,2,2,cham,35,low,L_2,pre_stress,0.323,,,,,,,,,,,,,
21_11_9,2,2,calli,16,low,L_2,pre_stress,0.219,,,,,,,,,,,,,
21_11_9,2,2,chillensis,16,low,L_2,pre_stress,0.333,,,,,,,,,,,,,
21_11_9,2,28,cham,27,mid,M_8,pre_stress,0.289,,,,,,,,,,,,,
21_11_9,2,28,calli,8,mid,M_8,pre_stress,0.212,,,,,,,,,,,,,
21_11_9,2,28,chillensis,9,mid,M_8,pre_stress,0.237,,,,,,,,,,,,,
21_11_9,2,22,cham,16,high,H_6,pre_stress,0.294,,,,,,,,,,,,,
21_11_9,2,22,calli,19,high,H_6,pre_stress,0.251,,,,,,,,,,,,,
21_11_9,2,22,chillensis,32,high,H_6,pre_stress,0.246,,,,,,,,,,,,,
21_11_9,2,1,cham,21,low,L_1,pre_stress,0.398,,,,,,,,,,,,,
21_11_9,2,1,calli,31,low,L_1,pre_stress,0.25,,,,,,,,,,,,,
21_11_9,2,1,chillensis,18,low,L_1,pre_stress,0.206,,,,,,,,,,,,,
21_11_9,2,16,cham,23**,control,C_4,pre_stress,0.31,,,,,,,,,,,,,
21_11_9,2,16,calli,11,control,C_4,pre_stress,0.281,,,,,,,,,,,,,
21_11_9,2,16,chillensis,30,control,C_4,pre_stress,0.247,,,,,,,,,,,,,
21_11_9,3,17,cham,29,low,L_5,pre_stress,0.298,337155,48.928,21.112,42(11066),57.377,21.143,53(10393),46.002,21.803,39(10864),43.436,20.785,36(11213)
21_11_9,3,17,calli,1,low,L_5,pre_stress,0.225,285185,69.099,26.716,60(6611),88.949,27.438,82(5828),60.284,27.914,46(6661),58.138,26.298,47(6857)
21_11_9,3,17,chillensis,31,low,L_5,pre_stress,0.332,172005,53.878,23.04,43(3863),66.705,24.141,61(3749),49.128,23.832,36(3681),45.894,22.323,36(4171) 
21_11_9,3,11,cham,7,mid,M_3,pre_stress,0.364,61273,50.328,19.686,48(1511),58.024,20.454,62(144&),47.85,20.422,46(1542),45.132,18.779,45(1521)
21_11_9,3,11,calli,5,mid,M_3,pre_stress,0.28,191492,61.412,28.509,53(5357),84.097,28.262,80(4600),51.158,30.104,39(5820),49.071,28.512,39(5446)
21_11_9,3,11,chillensis,3,mid,M_3,pre_stress,0.267,90110,60.712,20.358,54(3659),83.488,19.223,81(3354),50.622,22.737,40(3868),48.133,20.738,38(3461)
21_11_9,3,26,cham,32,low,L_8,pre_stress,0.313,50701,45.782,17.38,44(1599),53.733,18.016,52(1541),44.064,18.011,43(1555),39.545,16.699,34(1655)
21_11_9,3,26,calli,37,low,L_8,pre_stress,0.293,219118,59.99,21.085,51(5964),81.871,21.427,75(5182),49.664,22.919,39(5965),48.506,21.012,39(6058)
21_11_9,3,26,chillensis,24,low,L_8,pre_stress,0.242,237866,64.913,23.769,53(5663),82.582,23.228,72(5221),60.017,25.873,47(5390),52.13,23.371,41(5674)
21_11_9,3,12,cham,13,mid,M_4,pre_stress,0.261,45370,42.453,13.548,39(1696),49.525,14.052,45(1546),40.518,13.878,38(1684),37.33,13.207,33(1745)
21_11_9,3,12,calli,27,mid,M_4,pre_stress,0.249,383093,45.806,27.757,29(15629),60.754,27.796,46(11386),38.936,29.21,22(20585),37.862,27.34,21(18144)
21_11_9,3,12,chillensis,17,mid,M_4,pre_stress,0.267,190760,51.206,26.405,34(4992),65.867,26.264,54(4475),46.744,28.259,30(5074),41.1,25.588,24(5731)
21_11_9,3,4,cham,3,mid,M_2,pre_stress,0.267,58608,64.284,18.036,56(1394),71.109,18.192,73(1443),61.272,19.565,62(1345),60.388,17.106,63(1429)
21_11_9,3,4,calli,23,mid,M_2,pre_stress,0.186,243405,60.936,22.063,51(5327),79.86,22.472,80(4592),49.344,23.069,39(6092),53.618,22.601,40(5044)
21_11_9,3,4,chillensis,5,mid,M_2,pre_stress,0.265,130767,53.865,23.58,49(3226),69.047,23.031,65(2989),45.904,25.386,38(3301),46.704,23.5,37(3282)
21_11_9,3,5,cham,34,high,H_1,pre_stress,0.316,51899,52.813,18.196,45(1379),60.119,18.31,55(1357),51.564,19.307,38(1369),46.744,17.786,36(1334)
21_11_9,3,5,calli,14,high,H_1,pre_stress,0.278,267198,55.296,24.2,41(5862),73.149,26.39,80(4321),45.543,25.001,28(7706),47.254,23.639,33(6861)
21_11_9,3,5,chillensis,8,high,H_1,pre_stress,0.386,220572,51.685,24.91,44(4721),66.374,25.521,65(4457),46.034,26.578,22(5894),42.752,23.584,20(5779)
21_11_9,3,13,cham,8,high,H_3,pre_stress,0.403,39115,39.31,20.364,24(1296),45.763,20.625,43(1115),38.093,20.743,23(1515),34.088,20.194,24(1524)
21_11_9,3,13,calli,18,high,H_3,pre_stress,0.247,501461,45.27,25.447,37(16101),61.38,26.16,54(12310),39.49,26.318,22(21246),35.089,24.983,20(22776)
21_11_9,3,13,chillensis,7,high,H_3,pre_stress,0.192,68881,59.737,27.997,43(1902),75.84,26.562,59(1730),56.429,29.824,41(1707),46.962,28.809,34(1922)
21_11_9,3,24,cham,18,control,C_6,pre_stress,0.265,121134,52.595,15.585,48(3746),59.274,15.937,56(3624),51.336,16.626,47(3708),47.158,14.804,48(3879)
21_11_9,3,24,calli,6,control,C_6,pre_stress,0.248,174221,62.977,27.598,53(3910),83.977,28.746,75(3290),53.573,28.821,40(3968),51.458,26.652,41(4014)
21_11_9,3,24,chillensis,28,control,C_6,pre_stress,0.22,187088,42.597,26.251,25(7196),53.743,26.621,36(4785),39.618,27.289,22(8301),34.506,25.572,19(8156)
21_11_9,4,21,cham,2,high,H_5,pre_stress,0.406,,,,,,,,,,,,,
21_11_9,4,21,calli,32,high,H_5,pre_stress,0.251,,,,,,,,,,,,,
21_11_9,4,21,chillensis,1,high,H_5,pre_stress,0.223,,,,,,,,,,,,,
21_11_9,4,27,cham,30,mid,M_7,pre_stress,0.341,,,,,,,,,,,,,
21_11_9,4,27,calli,26,mid,M_7,pre_stress,0.269,,,,,,,,,,,,,
21_11_9,4,27,chillensis,12,mid,M_7,pre_stress,0.321,,,,,,,,,,,,,
21_11_9,4,31,cham,39,control,C_7,pre_stress,0.271,,,,,,,,,,,,,
21_11_9,4,31,calli,40,control,C_7,pre_stress,0.213,,,,,,,,,,,,,
21_11_9,4,31,chillensis,11,control,C_7,pre_stress,0.241,,,,,,,,,,,,,
21_11_9,4,3,cham,31,mid,M_1,pre_stress,0.372,,,,,,,,,,,,,
21_11_9,4,3,calli,33,mid,M_1,pre_stress,0.353,,,,,,,,,,,,,
21_11_9,4,3,chillensis,2,mid,M_1,pre_stress,0.315,,,,,,,,,,,,,
21_11_9,4,18,cham,19,low,L_6,pre_stress,0.388,,,,,,,,,,,,,
21_11_9,4,18,calli,38,low,L_6,pre_stress,0.247,,,,,,,,,,,,,
21_11_9,4,18,chillensis,13,low,L_6,pre_stress,0.224,,,,,,,,,,,,,
21_11_9,4,8,cham,36,control,C_2,pre_stress,0.345,,,,,,,,,,,,,
21_11_9,4,8,calli,29,control,C_2,pre_stress,0.284,,,,,,,,,,,,,
21_11_9,4,8,chillensis,14,control,C_2,pre_stress,0.284,,,,,,,,,,,,,
21_11_9,4,19,cham,11,mid,M_5,pre_stress,0.503,,,,,,,,,,,,,
21_11_9,4,19,calli,13,mid,M_5,pre_stress,0.219,,,,,,,,,,,,,
21_11_9,4,19,chillensis,15,mid,M_5,pre_stress,0.31,,,,,,,,,,,,,
21_11_9,4,29,cham,33,high,H_7,pre_stress,0.362,,,,,,,,,,,,,
21_11_9,4,29,calli,3,high,H_7,pre_stress,0.292,,,,,,,,,,,,,
21_11_9,4,29,chillensis,27,high,H_7,pre_stress,0.322,,,,,,,,,,,,,
21_11_9,1,10,cham,25,low,L_4,post_stress,0.528,76869,47.079,13.928,47(2622),54.862,14.636,55(2484),44.606,14.636,44(2539),41.728,13.115,40(2791)
21_11_9,1,10,calli,46,low,L_4,post_stress,0.364,362062,63.588,23.727,56(7691),83.204,23.537,78(7289),55.09,24.766,45(7085),52.546,24.044,45(7179)
21_11_9,1,10,chillensis,26,low,L_4,post_stress,0.283,139706,69.413,26.669,53(3063),87.458,24.866,77(3016),62.052,29.091,47(2911),58.774,26.834,46(3114)
21_11_9,1,32,cham,6,control,C_8,post_stress,0.484,125335,41.481,14.257,41(3909),49.295,14.919,52(3687),38.597,14.811,38(4075),36.564,13.453,30(4036)
21_11_9,1,32,calli,4,control,C_8,post_stress,0.223,102254,79.718,25.25,79(2351),104.052,26.215,103(2070),67.63,26.711,64(2318),67.524,24.131,66(2399)
21_11_9,1,32,chillensis,23,control,C_8,post_stress,0.414,287420,60.664,28.284,47(6366),75.419,27.958,62(6475),55.059,30.262,38(5888),51.601,27.664,39(6446)
21_11_9,1,15,cham,4,control,C_3,post_stress,0.418,60766,50.409,14.336,49(2083),59.627,14.359,57(2136),48.062,15.075,43(1875),43.634,14.286,40(2001)
21_11_9,1,15,calli,47,control,C_3,post_stress,0.38,339573,70.481,21.045,63(7746),96.914,21.151,90(7348),56.724,21.93,40(7848),57.898,21.849,47(7231)
21_11_9,1,15,chillensis,6,control,C_3,post_stress,0.352,190151,59.788,26.745,50(3753),73.785,26.615,69(3855),53.363,28.39,42(3483),52.302,26.531,44(3598)
21_11_9,1,9,cham,28,low,L_3,post_stress,0.4,71469,41.419,17.683,39(3179),47.622,17.625,46(3035),39.635,17.988,37(3050),36.971,17.829,36(3018)
21_11_9,1,9,calli,48,low,L_3,post_stress,0.355,462957,50.118,22.573,40(13522),69.22,23.512,61(12677),41.852,23.436,33(13606),39.381,22.041,29(13988)
21_11_9,1,9,chillensis,4,low,L_3,post_stress,0.362,,,,,,,,,,,,,
21_11_9,1,14,cham,10,high,H_4,post_stress,0.101,,,,,,,,,,,,,
21_11_9,1,14,calli,35,high,H_4,post_stress,0.088,,,,,,,,,,,,,
21_11_9,1,14,chillensis,25,high,H_4,post_stress,0.178,,,,,,,,,,,,,
21_11_9,1,23,cham,22,control,C_5,post_stress,0.525,,,,,,,,,,,,,
21_11_9,1,23,calli,12,control,C_5,post_stress,0.34,,,,,,,,,,,,,
21_11_9,1,23,chillensis,19,control,C_5,post_stress,0.314,,,,,,,,,,,,,
21_11_9,1,6,cham,9**,high,H_2,post_stress,0.102,,,,,,,,,,,,,
21_11_9,1,6,calli,20,high,H_2,post_stress,0.109,,,,,,,,,,,,,
21_11_9,1,6,chillensis,22,high,H_2,post_stress,0.076,,,,,,,,,,,,,
21_11_9,1,7,cham,26,control,C_1,post_stress,0.476,,,,,,,,,,,,,
21_11_9,1,7,calli,39,control,C_1,post_stress,0.288,,,,,,,,,,,,,
21_11_9,1,7,chillensis,10,control,C_1,post_stress,0.389,,,,,,,,,,,,,
21_11_9,2,25,cham,17,low,L_7,post_stress,0.404,,,,,,,,,,,,,
21_11_9,2,25,calli,21,low,L_7,post_stress,0.125,,,,,,,,,,,,,
21_11_9,2,25,chillensis,20,low,L_7,post_stress,0.215,,,,,,,,,,,,,
21_11_9,2,20,cham,24**,mid,M_6,post_stress,0.315,,,,,,,,,,,,,
21_11_9,2,20,calli,45,mid,M_6,post_stress,0.105,,,,,,,,,,,,,
21_11_9,2,20,chillensis,21,mid,M_6,post_stress,0.158,,,,,,,,,,,,,
21_11_9,2,30,cham,1,high,H_8,post_stress,0.178,,,,,,,,,,,,,
21_11_9,2,30,calli,17,high,H_8,post_stress,0.091,,,,,,,,,,,,,
21_11_9,2,30,chillensis,29,high,H_8,post_stress,0.101,,,,,,,,,,,,,
21_11_9,2,2,cham,35,low,L_2,post_stress,0.324,,,,,,,,,,,,,
21_11_9,2,2,calli,16,low,L_2,post_stress,0.167,,,,,,,,,,,,,
21_11_9,2,2,chillensis,16,low,L_2,post_stress,0.21,,,,,,,,,,,,,
21_11_9,2,28,cham,27,mid,M_8,post_stress,0.31,,,,,,,,,,,,,
21_11_9,2,28,calli,8,mid,M_8,post_stress,0.145,,,,,,,,,,,,,
21_11_9,2,28,chillensis,9,mid,M_8,post_stress,0.074,,,,,,,,,,,,,
21_11_9,2,22,cham,16,high,H_6,post_stress,0.119,,,,,,,,,,,,,
21_11_9,2,22,calli,19,high,H_6,post_stress,0.133,,,,,,,,,,,,,
21_11_9,2,22,chillensis,32,high,H_6,post_stress,0.089,,,,,,,,,,,,,
21_11_9,2,1,cham,21,low,L_1,post_stress,0.504,,,,,,,,,,,,,
21_11_9,2,1,calli,31,low,L_1,post_stress,0.351,,,,,,,,,,,,,
21_11_9,2,1,chillensis,18,low,L_1,post_stress,0.333,,,,,,,,,,,,,
21_11_9,2,16,cham,23**,control,C_4,post_stress,0.424,,,,,,,,,,,,,
21_11_9,2,16,calli,11,control,C_4,post_stress,0.371,,,,,,,,,,,,,
21_11_9,2,16,chillensis,30,control,C_4,post_stress,0.261,,,,,,,,,,,,,
21_11_9,3,17,cham,29,low,L_5,post_stress,0.309,430902,45.075,17.856,40(13596),53.043,18.355,50(12720),42.923,18.448,40(13225),39.266,17.227,33(14405)
21_11_9,3,17,calli,1,low,L_5,post_stress,0.197,374939,65.108,23.893,53(8413),83.327,24.559,77(7534),57.283,25.064,45(8300),53.775,23.208,40(9111)
21_11_9,3,17,chillensis,31,low,L_5,post_stress,0.325,230023,55.897,25.065,41(5595),68.951,25.45,57(4777),50.594,26.507,31(5570),48.233,24.19,30(5763)
21_11_9,3,11,cham,7,mid,M_3,post_stress,0.283,87129,49.243,16.731,47(2477),56.731,17.426,57(2387),47.879,17.625,44(2431),43.116,15.904,42(2526)
21_11_9,3,11,calli,5,mid,M_3,post_stress,0.107,229355,67.881,23.332,58(5086),87.608,23.303,79(4896),58.328,24.774,46(5032),57.745,23.061,47(5084)
21_11_9,3,11,chillensis,3,mid,M_3,post_stress,0.091,99947,77.004,18.36,68(3046),97.233,17.156,91(3091),66.61,20.028,55(2999),67.205,19.508,57(2829)
21_11_9,3,26,cham,32,low,L_8,post_stress,0.358,72782,37.585,12.946,33(2749),44.607,14.105,47(2356),37.023,13.453,31(2687),31.147,12.001,27(3212)
21_11_9,3,26,calli,37,low,L_8,post_stress,0.226,315620,51.365,18.722,42(8197),70.418,20.509,65(6954),43.896,19.617,32(8278),39.867,17.8,32(8823)
21_11_9,3,26,chillensis,24,low,L_8,post_stress,0.224,344418,65.472,24.538,55(8842),83.937,23.94,76(8336),61.119,26.626,47(8218),51.312,24.035,40(8928)
21_11_9,3,12,cham,13,mid,M_4,post_stress,0.252,,,,,,,,,,,,,
21_11_9,3,12,calli,27,mid,M_4,post_stress,0.209,,,,,,,,,,,,,
21_11_9,3,12,chillensis,17,mid,M_4,post_stress,0.17,,,,,,,,,,,,,
21_11_9,3,4,cham,3,mid,M_2,post_stress,0.245,,,,,,,,,,,,,
21_11_9,3,4,calli,23,mid,M_2,post_stress,0.087,,,,,,,,,,,,,
21_11_9,3,4,chillensis,5,mid,M_2,post_stress,0.17,,,,,,,,,,,,,
21_11_9,3,5,cham,34,high,H_1,post_stress,0.207,,,,,,,,,,,,,
21_11_9,3,5,calli,14,high,H_1,post_stress,0.087,,,,,,,,,,,,,
21_11_9,3,5,chillensis,8,high,H_1,post_stress,0.114,,,,,,,,,,,,,
21_11_9,3,13,cham,8,high,H_3,post_stress,0.181,,,,,,,,,,,,,
21_11_9,3,13,calli,18,high,H_3,post_stress,0.1,,,,,,,,,,,,,
21_11_9,3,13,chillensis,7,high,H_3,post_stress,0.07,,,,,,,,,,,,,
21_11_9,3,24,cham,18,control,C_6,post_stress,0.417,,,,,,,,,,,,,
21_11_9,3,24,calli,6,control,C_6,post_stress,0.247,,,,,,,,,,,,,
21_11_9,3,24,chillensis,28,control,C_6,post_stress,0.41,,,,,,,,,,,,,
21_11_9,4,21,cham,2,high,H_5,post_stress,0.155,,,,,,,,,,,,,
21_11_9,4,21,calli,32,high,H_5,post_stress,0.119,,,,,,,,,,,,,
21_11_9,4,21,chillensis,1,high,H_5,post_stress,0.123,,,,,,,,,,,,,
21_11_9,4,27,cham,30,mid,M_7,post_stress,0.335,,,,,,,,,,,,,
21_11_9,4,27,calli,26,mid,M_7,post_stress,0.159,,,,,,,,,,,,,
21_11_9,4,27,chillensis,12,mid,M_7,post_stress,0.169,,,,,,,,,,,,,
21_11_9,4,31,cham,39,control,C_7,post_stress,0.396,,,,,,,,,,,,,
21_11_9,4,31,calli,40,control,C_7,post_stress,0.435,,,,,,,,,,,,,
21_11_9,4,31,chillensis,11,control,C_7,post_stress,0.406,,,,,,,,,,,,,
21_11_9,4,3,cham,31,mid,M_1,post_stress,0.201,,,,,,,,,,,,,
21_11_9,4,3,calli,33,mid,M_1,post_stress,0.156,,,,,,,,,,,,,
21_11_9,4,3,chillensis,2,mid,M_1,post_stress,0.25,,,,,,,,,,,,,
21_11_9,4,18,cham,19,low,L_6,post_stress,0.447,,,,,,,,,,,,,
21_11_9,4,18,calli,38,low,L_6,post_stress,0.287,,,,,,,,,,,,,
21_11_9,4,18,chillensis,13,low,L_6,post_stress,0.295,,,,,,,,,,,,,
21_11_9,4,8,cham,36,control,C_2,post_stress,0.5,,,,,,,,,,,,,
21_11_9,4,8,calli,29,control,C_2,post_stress,0.233,,,,,,,,,,,,,
21_11_9,4,8,chillensis,14,control,C_2,post_stress,0.384,,,,,,,,,,,,,
21_11_9,4,19,cham,11,mid,M_5,post_stress,0.179,,,,,,,,,,,,,
21_11_9,4,19,calli,13,mid,M_5,post_stress,0.111,,,,,,,,,,,,,
21_11_9,4,19,chillensis,15,mid,M_5,post_stress,0.164,,,,,,,,,,,,,
21_11_9,4,29,cham,33,high,H_7,post_stress,0.133,,,,,,,,,,,,,
21_11_9,4,29,calli,3,high,H_7,post_stress,0.08,,,,,,,,,,,,,
21_11_9,4,29,chillensis,27,high,H_7,post_stress,0.133,,,,,,,,,,,,,
21_11_10,1,10,cham,25,low,L_4,post_stress_1,0.382,,,,,,,,,,,,,
21_11_10,1,10,calli,46,low,L_4,post_stress_1,0.235,,,,,,,,,,,,,
21_11_10,1,10,chillensis,26,low,L_4,post_stress_1,0.189,,,,,,,,,,,,,
21_11_10,1,32,cham,6,control,C_8,post_stress_1,0.305,,,,,,,,,,,,,
21_11_10,1,32,calli,4,control,C_8,post_stress_1,0.151,,,,,,,,,,,,,
21_11_10,1,32,chillensis,23,control,C_8,post_stress_1,0.311,,,,,,,,,,,,,
21_11_10,1,15,cham,4,control,C_3,post_stress_1,0.419,,,,,,,,,,,,,
21_11_10,1,15,calli,47,control,C_3,post_stress_1,0.271,,,,,,,,,,,,,
21_11_10,1,15,chillensis,6,control,C_3,post_stress_1,0.255,,,,,,,,,,,,,
21_11_10,1,9,cham,28,low,L_3,post_stress_1,0.277,,,,,,,,,,,,,
21_11_10,1,9,calli,48,low,L_3,post_stress_1,0.259,,,,,,,,,,,,,
21_11_10,1,9,chillensis,4,low,L_3,post_stress_1,0.224,,,,,,,,,,,,,
21_11_10,1,14,cham,10,high,H_4,post_stress_1,0.164,,,,,,,,,,,,,
21_11_10,1,14,calli,35,high,H_4,post_stress_1,0.104,,,,,,,,,,,,,
21_11_10,1,14,chillensis,25,high,H_4,post_stress_1,0.097,,,,,,,,,,,,,
21_11_10,1,23,cham,22,control,C_5,post_stress_1,0.49,,,,,,,,,,,,,
21_11_10,1,23,calli,12,control,C_5,post_stress_1,0.284,,,,,,,,,,,,,
21_11_10,1,23,chillensis,19,control,C_5,post_stress_1,0.254,,,,,,,,,,,,,
21_11_10,1,6,cham,9**,high,H_2,post_stress_1,0.096,,,,,,,,,,,,,
21_11_10,1,6,calli,20,high,H_2,post_stress_1,0.113,,,,,,,,,,,,,
21_11_10,1,6,chillensis,22,high,H_2,post_stress_1,0.083,,,,,,,,,,,,,
21_11_10,1,7,cham,26,control,C_1,post_stress_1,0.36,,,,,,,,,,,,,
21_11_10,1,7,calli,39,control,C_1,post_stress_1,0.177,,,,,,,,,,,,,
21_11_10,1,7,chillensis,10,control,C_1,post_stress_1,0.259,,,,,,,,,,,,,
21_11_10,2,25,cham,17,low,L_7,post_stress_1,0.394,,,,,,,,,,,,,
21_11_10,2,25,calli,21,low,L_7,post_stress_1,0.217,,,,,,,,,,,,,
21_11_10,2,25,chillensis,20,low,L_7,post_stress_1,0.182,,,,,,,,,,,,,
21_11_10,2,20,cham,24**,mid,M_6,post_stress_1,0.243,,,,,,,,,,,,,
21_11_10,2,20,calli,45,mid,M_6,post_stress_1,0.103,,,,,,,,,,,,,
21_11_10,2,20,chillensis,21,mid,M_6,post_stress_1,0.156,,,,,,,,,,,,,
21_11_10,2,30,cham,1,high,H_8,post_stress_1,0.14,,,,,,,,,,,,,
21_11_10,2,30,calli,17,high,H_8,post_stress_1,0.077,,,,,,,,,,,,,
21_11_10,2,30,chillensis,29,high,H_8,post_stress_1,0.09,,,,,,,,,,,,,
21_11_10,2,2,cham,35,low,L_2,post_stress_1,0.296,,,,,,,,,,,,,
21_11_10,2,2,calli,16,low,L_2,post_stress_1,0.15,,,,,,,,,,,,,
21_11_10,2,2,chillensis,16,low,L_2,post_stress_1,0.214,,,,,,,,,,,,,
21_11_10,2,28,cham,27,mid,M_8,post_stress_1,0.256,,,,,,,,,,,,,
21_11_10,2,28,calli,8,mid,M_8,post_stress_1,0.097,,,,,,,,,,,,,
21_11_10,2,28,chillensis,9,mid,M_8,post_stress_1,0.124,,,,,,,,,,,,,
21_11_10,2,22,cham,16,high,H_6,post_stress_1,0.086,,,,,,,,,,,,,
21_11_10,2,22,calli,19,high,H_6,post_stress_1,0.096,,,,,,,,,,,,,
21_11_10,2,22,chillensis,32,high,H_6,post_stress_1,0.077,,,,,,,,,,,,,
21_11_10,2,1,cham,21,low,L_1,post_stress_1,0.259,,,,,,,,,,,,,
21_11_10,2,1,calli,31,low,L_1,post_stress_1,0.248,,,,,,,,,,,,,
21_11_10,2,1,chillensis,18,low,L_1,post_stress_1,0.137,,,,,,,,,,,,,
21_11_10,2,16,cham,23**,control,C_4,post_stress_1,0.37,,,,,,,,,,,,,
21_11_10,2,16,calli,11,control,C_4,post_stress_1,0.171,,,,,,,,,,,,,
21_11_10,2,16,chillensis,30,control,C_4,post_stress_1,0.27,,,,,,,,,,,,,
21_11_10,3,17,cham,29,low,L_5,post_stress_1,0.265,,,,,,,,,,,,,
21_11_10,3,17,calli,1,low,L_5,post_stress_1,0.186,,,,,,,,,,,,,
21_11_10,3,17,chillensis,31,low,L_5,post_stress_1,0.298,,,,,,,,,,,,,
21_11_10,3,11,cham,7,mid,M_3,post_stress_1,0.266,,,,,,,,,,,,,
21_11_10,3,11,calli,5,mid,M_3,post_stress_1,0.217,,,,,,,,,,,,,
21_11_10,3,11,chillensis,3,mid,M_3,post_stress_1,0.081,,,,,,,,,,,,,
21_11_10,3,26,cham,32,low,L_8,post_stress_1,0.238,,,,,,,,,,,,,
21_11_10,3,26,calli,37,low,L_8,post_stress_1,0.185,,,,,,,,,,,,,
21_11_10,3,26,chillensis,24,low,L_8,post_stress_1,0.151,,,,,,,,,,,,,
21_11_10,3,12,cham,13,mid,M_4,post_stress_1,0.222,,,,,,,,,,,,,
21_11_10,3,12,calli,27,mid,M_4,post_stress_1,0.124,,,,,,,,,,,,,
21_11_10,3,12,chillensis,17,mid,M_4,post_stress_1,0.128,,,,,,,,,,,,,
21_11_10,3,4,cham,3,mid,M_2,post_stress_1,0.123,,,,,,,,,,,,,
21_11_10,3,4,calli,23,mid,M_2,post_stress_1,0.074,,,,,,,,,,,,,
21_11_10,3,4,chillensis,5,mid,M_2,post_stress_1,0.157,,,,,,,,,,,,,
21_11_10,3,5,cham,34,high,H_1,post_stress_1,0.183,,,,,,,,,,,,,
21_11_10,3,5,calli,14,high,H_1,post_stress_1,0.095,,,,,,,,,,,,,
21_11_10,3,5,chillensis,8,high,H_1,post_stress_1,0.089,,,,,,,,,,,,,
21_11_10,3,13,cham,8,high,H_3,post_stress_1,0.181,,,,,,,,,,,,,
21_11_10,3,13,calli,18,high,H_3,post_stress_1,0.096,,,,,,,,,,,,,
21_11_10,3,13,chillensis,7,high,H_3,post_stress_1,0.109,,,,,,,,,,,,,
21_11_10,3,24,cham,18,control,C_6,post_stress_1,0.286,,,,,,,,,,,,,
21_11_10,3,24,calli,6,control,C_6,post_stress_1,0.228,,,,,,,,,,,,,
21_11_10,3,24,chillensis,28,control,C_6,post_stress_1,0.303,,,,,,,,,,,,,
21_11_10,4,21,cham,2,high,H_5,post_stress_1,0.086,,,,,,,,,,,,,
21_11_10,4,21,calli,32,high,H_5,post_stress_1,0.079,,,,,,,,,,,,,
21_11_10,4,21,chillensis,1,high,H_5,post_stress_1,0.08,,,,,,,,,,,,,
21_11_10,4,27,cham,30,mid,M_7,post_stress_1,0.242,,,,,,,,,,,,,
21_11_10,4,27,calli,26,mid,M_7,post_stress_1,0.121,,,,,,,,,,,,,
21_11_10,4,27,chillensis,12,mid,M_7,post_stress_1,0.15,,,,,,,,,,,,,
21_11_10,4,31,cham,39,control,C_7,post_stress_1,0.127,,,,,,,,,,,,,
21_11_10,4,31,calli,40,control,C_7,post_stress_1,0.239,,,,,,,,,,,,,
21_11_10,4,31,chillensis,11,control,C_7,post_stress_1,0.242,,,,,,,,,,,,,
21_11_10,4,3,cham,31,mid,M_1,post_stress_1,0.224,,,,,,,,,,,,,
21_11_10,4,3,calli,33,mid,M_1,post_stress_1,0.136,,,,,,,,,,,,,
21_11_10,4,3,chillensis,2,mid,M_1,post_stress_1,0.257,,,,,,,,,,,,,
21_11_10,4,18,cham,19,low,L_6,post_stress_1,0.403,,,,,,,,,,,,,
21_11_10,4,18,calli,38,low,L_6,post_stress_1,0.181,,,,,,,,,,,,,
21_11_10,4,18,chillensis,13,low,L_6,post_stress_1,0.205,,,,,,,,,,,,,
21_11_10,4,8,cham,36,control,C_2,post_stress_1,0.371,,,,,,,,,,,,,
21_11_10,4,8,calli,29,control,C_2,post_stress_1,0.195,,,,,,,,,,,,,
21_11_10,4,8,chillensis,14,control,C_2,post_stress_1,0.239,,,,,,,,,,,,,
21_11_10,4,19,cham,11,mid,M_5,post_stress_1,0.231,,,,,,,,,,,,,
21_11_10,4,19,calli,13,mid,M_5,post_stress_1,0.121,,,,,,,,,,,,,
21_11_10,4,19,chillensis,15,mid,M_5,post_stress_1,0.153,,,,,,,,,,,,,
21_11_10,4,29,cham,33,high,H_7,post_stress_1,0.147,,,,,,,,,,,,,
21_11_10,4,29,calli,3,high,H_7,post_stress_1,0.084,,,,,,,,,,,,,
21_11_10,4,29,chillensis,27,high,H_7,post_stress_1,0.09,,,,,,,,,,,,,
21_11_11,1,10,cham,25,low,L_4,post_stress_2,0.365,0.224,0.353,0.308,,,,,,,,,,
21_11_11,1,10,calli,46,low,L_4,post_stress_2,0.115,0.208,0.145,0.154,,,,,,,,,,
21_11_11,1,10,chillensis,26,low,L_4,post_stress_2,0.193,0.182,0.24,0.161,,,,,,,,,,
21_11_11,1,32,cham,6,control,C_8,post_stress_2,0.324,0.337,0.375,0.339,,,,,,,,,,
21_11_11,1,32,calli,4,control,C_8,post_stress_2,0.187,0.215,0.186,0.023,,,,,,,,,,
21_11_11,1,32,chillensis,23,control,C_8,post_stress_2,0.344,0.36,0.268,0.233,,,,,,,,,,
21_11_11,1,15,cham,4,control,C_3,post_stress_2,0.437,0.296,0.327,0.264,,,,,,,,,,
21_11_11,1,15,calli,47,control,C_3,post_stress_2,0.27,0.285,0.254,0.216,0.213,,,,,,,,,
21_11_11,1,15,chillensis,6,control,C_3,post_stress_2,0.24,0.322,0.31,0.291,,,,,,,,,,
21_11_11,1,9,cham,28,low,L_3,post_stress_2,0.235,0.138,0.268,0.214,,,,,,,,,,
21_11_11,1,9,calli,48,low,L_3,post_stress_2,0.222,0.346,0.229,0.141,,,,,,,,,,
21_11_11,1,9,chillensis,4,low,L_3,post_stress_2,0.121,0.039,0.216,0.173,,,,,,,,,,
21_11_11,1,14,cham,10,high,H_4,post_stress_2,0.215,0.06,0.073,0.067,,,,,,,,,,
21_11_11,1,14,calli,35,high,H_4,post_stress_2,0.086,0.114,0.074,0.105,,,,,,,,,,
21_11_11,1,14,chillensis,25,high,H_4,post_stress_2,0.104,0.288,0.464,0.487,0.452,,,,,,,,,
21_11_11,1,23,cham,22,control,C_5,post_stress_2,0.399,,0.193,0.2,,,,,,,,,,
21_11_11,1,23,calli,12,control,C_5,post_stress_2,0.222,,0.244,0.228,,,,,,,,,,
21_11_11,1,23,chillensis,19,control,C_5,post_stress_2,0.286,,0.007,0.195,0.143,,,,,,,,,
21_11_11,1,6,cham,9**,high,H_2,post_stress_2,0.124,,0.102,0.077,,,,,,,,,,
21_11_11,1,6,calli,20,high,H_2,post_stress_2,0.067,,0.138,0.086,,,,,,,,,,
21_11_11,1,6,chillensis,22,high,H_2,post_stress_2,0.081,,,,,,,,,,,,,
21_11_11,1,7,cham,26,control,C_1,post_stress_2,0.383,,0.337,0.365,,,,,,,,,,
21_11_11,1,7,calli,39,control,C_1,post_stress_2,0.249,,0.224,0.224,,,,,,,,,,
21_11_11,1,7,chillensis,10,control,C_1,post_stress_2,0.23,,0.204,0.153,0.161,,,,,,,,,
21_11_11,2,25,cham,17,low,L_7,post_stress_2,0.371,,,,,,,,,,,,,
21_11_11,2,25,calli,21,low,L_7,post_stress_2,0.212,,,,,,,,,,,,,
21_11_11,2,25,chillensis,20,low,L_7,post_stress_2,0.24,,,,,,,,,,,,,
21_11_11,2,20,cham,24**,mid,M_6,post_stress_2,0.27,,,,,,,,,,,,,
21_11_11,2,20,calli,45,mid,M_6,post_stress_2,0.095,,,,,,,,,,,,,
21_11_11,2,20,chillensis,21,mid,M_6,post_stress_2,0.178,,,,,,,,,,,,,
21_11_11,2,30,cham,1,high,H_8,post_stress_2,0.154,,,,,,,,,,,,,
21_11_11,2,30,calli,17,high,H_8,post_stress_2,0.059,,,,,,,,,,,,,
21_11_11,2,30,chillensis,29,high,H_8,post_stress_2,0.108,,,,,,,,,,,,,
21_11_11,2,2,cham,35,low,L_2,post_stress_2,0.282,,,,,,,,,,,,,
21_11_11,2,2,calli,16,low,L_2,post_stress_2,0.215,,,,,,,,,,,,,
21_11_11,2,2,chillensis,16,low,L_2,post_stress_2,0.294,,,,,,,,,,,,,
21_11_11,2,28,cham,27,mid,M_8,post_stress_2,0.266,,,,,,,,,,,,,
21_11_11,2,28,calli,8,mid,M_8,post_stress_2,0.159,,,,,,,,,,,,,
21_11_11,2,28,chillensis,9,mid,M_8,post_stress_2,0.132,,,,,,,,,,,,,
21_11_11,2,22,cham,16,high,H_6,post_stress_2,0.098,,,,,,,,,,,,,
21_11_11,2,22,calli,19,high,H_6,post_stress_2,0.104,,,,,,,,,,,,,
21_11_11,2,22,chillensis,32,high,H_6,post_stress_2,0.099,,,,,,,,,,,,,
21_11_11,2,1,cham,21,low,L_1,post_stress_2,0.36,,,,,,,,,,,,,
21_11_11,2,1,calli,31,low,L_1,post_stress_2,0.188,,,,,,,,,,,,,
21_11_11,2,1,chillensis,18,low,L_1,post_stress_2,0.206,,,,,,,,,,,,,
21_11_11,2,16,cham,23**,control,C_4,post_stress_2,0.277,,,,,,,,,,,,,
21_11_11,2,16,calli,11,control,C_4,post_stress_2,0.286,,,,,,,,,,,,,
21_11_11,2,16,chillensis,30,control,C_4,post_stress_2,0.187,,,,,,,,,,,,,
21_11_11,3,17,cham,29,low,L_5,post_stress_2,0.257,,,,,,,,,,,,,
21_11_11,3,17,calli,1,low,L_5,post_stress_2,0.234,,,,,,,,,,,,,
21_11_11,3,17,chillensis,31,low,L_5,post_stress_2,0.311,,,,,,,,,,,,,
21_11_11,3,11,cham,7,mid,M_3,post_stress_2,0.24,,,,,,,,,,,,,
21_11_11,3,11,calli,5,mid,M_3,post_stress_2,0.103,,,,,,,,,,,,,
21_11_11,3,11,chillensis,3,mid,M_3,post_stress_2,0.096,,,,,,,,,,,,,
21_11_11,3,26,cham,32,low,L_8,post_stress_2,0.257,,,,,,,,,,,,,
21_11_11,3,26,calli,37,low,L_8,post_stress_2,0.186,,,,,,,,,,,,,
21_11_11,3,26,chillensis,24,low,L_8,post_stress_2,0.232,,,,,,,,,,,,,
21_11_11,3,12,cham,13,mid,M_4,post_stress_2,0.195,,,,,,,,,,,,,
21_11_11,3,12,calli,27,mid,M_4,post_stress_2,0.121,,,,,,,,,,,,,
21_11_11,3,12,chillensis,17,mid,M_4,post_stress_2,0.194,,,,,,,,,,,,,
21_11_11,3,4,cham,3,mid,M_2,post_stress_2,0.171,,,,,,,,,,,,,
21_11_11,3,4,calli,23,mid,M_2,post_stress_2,0.105,,,,,,,,,,,,,
21_11_11,3,4,chillensis,5,mid,M_2,post_stress_2,0.11,,,,,,,,,,,,,
21_11_11,3,5,cham,34,high,H_1,post_stress_2,0.198,,,,,,,,,,,,,
21_11_11,3,5,calli,14,high,H_1,post_stress_2,0.053,,,,,,,,,,,,,
21_11_11,3,5,chillensis,8,high,H_1,post_stress_2,0.09,,,,,,,,,,,,,
21_11_11,3,13,cham,8,high,H_3,post_stress_2,0.147,,,,,,,,,,,,,
21_11_11,3,13,calli,18,high,H_3,post_stress_2,0.106,,,,,,,,,,,,,
21_11_11,3,13,chillensis,7,high,H_3,post_stress_2,0.108,,,,,,,,,,,,,
21_11_11,3,24,cham,18,control,C_6,post_stress_2,0.284,,,,,,,,,,,,,
21_11_11,3,24,calli,6,control,C_6,post_stress_2,0.192,,,,,,,,,,,,,
21_11_11,3,24,chillensis,28,control,C_6,post_stress_2,0.176,,,,,,,,,,,,,
21_11_11,4,21,cham,2,high,H_5,post_stress_2,0.092,,,,,,,,,,,,,
21_11_11,4,21,calli,32,high,H_5,post_stress_2,0.086,,,,,,,,,,,,,
21_11_11,4,21,chillensis,1,high,H_5,post_stress_2,0.109,,,,,,,,,,,,,
21_11_11,4,27,cham,30,mid,M_7,post_stress_2,0.234,,,,,,,,,,,,,
21_11_11,4,27,calli,26,mid,M_7,post_stress_2,0.135,,,,,,,,,,,,,
21_11_11,4,27,chillensis,12,mid,M_7,post_stress_2,0.114,,,,,,,,,,,,,
21_11_11,4,31,cham,39,control,C_7,post_stress_2,0.106,,,,,,,,,,,,,
21_11_11,4,31,calli,40,control,C_7,post_stress_2,0.26,,,,,,,,,,,,,
21_11_11,4,31,chillensis,11,control,C_7,post_stress_2,0.361,,,,,,,,,,,,,
21_11_11,4,3,cham,31,mid,M_1,post_stress_2,0.216,,,,,,,,,,,,,
21_11_11,4,3,calli,33,mid,M_1,post_stress_2,0.127,,,,,,,,,,,,,
21_11_11,4,3,chillensis,2,mid,M_1,post_stress_2,0.176,,,,,,,,,,,,,
21_11_11,4,18,cham,19,low,L_6,post_stress_2,0.387,,,,,,,,,,,,,
21_11_11,4,18,calli,38,low,L_6,post_stress_2,0.186,,,,,,,,,,,,,
21_11_11,4,18,chillensis,13,low,L_6,post_stress_2,0.24,,,,,,,,,,,,,
21_11_11,4,8,cham,36,control,C_2,post_stress_2,0.333,,,,,,,,,,,,,
21_11_11,4,8,calli,29,control,C_2,post_stress_2,0.236,,,,,,,,,,,,,
21_11_11,4,8,chillensis,14,control,C_2,post_stress_2,0.257,,,,,,,,,,,,,
21_11_11,4,19,cham,11,mid,M_5,post_stress_2,0.23,,,,,,,,,,,,,
21_11_11,4,19,calli,13,mid,M_5,post_stress_2,0.115,,,,,,,,,,,,,
21_11_11,4,19,chillensis,15,mid,M_5,post_stress_2,0.23,,,,,,,,,,,,,
21_11_11,4,29,cham,33,high,H_7,post_stress_2,0.171,,,,,,,,,,,,,
21_11_11,4,29,calli,3,high,H_7,post_stress_2,0.091,,,,,,,,,,,,,
21_11_11,4,29,chillensis,27,high,H_7,post_stress_2,0.108,,,,,,,,,,,,,
21_11_12,1,10,cham,25,low,L_4,post_stress_3,0.353,,,,,,,,,,,,,
21_11_12,1,10,calli,46,low,L_4,post_stress_3,0.169,,,,,,,,,,,,,
21_11_12,1,10,chillensis,26,low,L_4,post_stress_3,0.239,,,,,,,,,,,,,
21_11_12,1,32,cham,6,control,C_8,post_stress_3,0.321,,,,,,,,,,,,,
21_11_12,1,32,calli,4,control,C_8,post_stress_3,0.156,,,,,,,,,,,,,
21_11_12,1,32,chillensis,23,control,C_8,post_stress_3,0.348,,,,,,,,,,,,,
21_11_12,1,15,cham,4,control,C_3,post_stress_3,0.486,,,,,,,,,,,,,
21_11_12,1,15,calli,47,control,C_3,post_stress_3,0.179,,,,,,,,,,,,,
21_11_12,1,15,chillensis,6,control,C_3,post_stress_3,0.297,,,,,,,,,,,,,
21_11_12,1,9,cham,28,low,L_3,post_stress_3,0.248,,,,,,,,,,,,,
21_11_12,1,9,calli,48,low,L_3,post_stress_3,0.264,,,,,,,,,,,,,
21_11_12,1,9,chillensis,4,low,L_3,post_stress_3,0.266,,,,,,,,,,,,,
21_11_12,1,14,cham,10,high,H_4,post_stress_3,0.269,,,,,,,,,,,,,
21_11_12,1,14,calli,35,high,H_4,post_stress_3,0.119,,,,,,,,,,,,,
21_11_12,1,14,chillensis,25,high,H_4,post_stress_3,0.1,,,,,,,,,,,,,
21_11_12,1,23,cham,22,control,C_5,post_stress_3,0.448,,,,,,,,,,,,,
21_11_12,1,23,calli,12,control,C_5,post_stress_3,0.17,,,,,,,,,,,,,
21_11_12,1,23,chillensis,19,control,C_5,post_stress_3,0.295,,,,,,,,,,,,,
21_11_12,1,6,cham,9**,high,H_2,post_stress_3,0.156,,,,,,,,,,,,,
21_11_12,1,6,calli,20,high,H_2,post_stress_3,0.112,,,,,,,,,,,,,
21_11_12,1,6,chillensis,22,high,H_2,post_stress_3,0.164,,,,,,,,,,,,,
21_11_12,1,7,cham,26,control,C_1,post_stress_3,0.306,,,,,,,,,,,,,
21_11_12,1,7,calli,39,control,C_1,post_stress_3,0.213,,,,,,,,,,,,,
21_11_12,1,7,chillensis,10,control,C_1,post_stress_3,0.293,,,,,,,,,,,,,
21_11_12,2,25,cham,17,low,L_7,post_stress_3,0.397,,,,,,,,,,,,,
21_11_12,2,25,calli,21,low,L_7,post_stress_3,0.135,,,,,,,,,,,,,
21_11_12,2,25,chillensis,20,low,L_7,post_stress_3,0.262,,,,,,,,,,,,,
21_11_12,2,20,cham,24**,mid,M_6,post_stress_3,0.26,,,,,,,,,,,,,
21_11_12,2,20,calli,45,mid,M_6,post_stress_3,0.15,,,,,,,,,,,,,
21_11_12,2,20,chillensis,21,mid,M_6,post_stress_3,0.187,,,,,,,,,,,,,
21_11_12,2,30,cham,1,high,H_8,post_stress_3,0.205,,,,,,,,,,,,,
21_11_12,2,30,calli,17,high,H_8,post_stress_3,0.084,,,,,,,,,,,,,
21_11_12,2,30,chillensis,29,high,H_8,post_stress_3,0.095,,,,,,,,,,,,,
21_11_12,2,2,cham,35,low,L_2,post_stress_3,0.256,,,,,,,,,,,,,
21_11_12,2,2,calli,16,low,L_2,post_stress_3,0.214,,,,,,,,,,,,,
21_11_12,2,2,chillensis,16,low,L_2,post_stress_3,0.268,,,,,,,,,,,,,
21_11_12,2,28,cham,27,mid,M_8,post_stress_3,0.271,,,,,,,,,,,,,
21_11_12,2,28,calli,8,mid,M_8,post_stress_3,0.173,,,,,,,,,,,,,
21_11_12,2,28,chillensis,9,mid,M_8,post_stress_3,0.127,,,,,,,,,,,,,
21_11_12,2,22,cham,16,high,H_6,post_stress_3,0.115,,,,,,,,,,,,,
21_11_12,2,22,calli,19,high,H_6,post_stress_3,0.075,,,,,,,,,,,,,
21_11_12,2,22,chillensis,32,high,H_6,post_stress_3,0.145,,,,,,,,,,,,,
21_11_12,2,1,cham,21,low,L_1,post_stress_3,0.37,,,,,,,,,,,,,
21_11_12,2,1,calli,31,low,L_1,post_stress_3,0.238,,,,,,,,,,,,,
21_11_12,2,1,chillensis,18,low,L_1,post_stress_3,0.204,,,,,,,,,,,,,
21_11_12,2,16,cham,23**,control,C_4,post_stress_3,0.377,,,,,,,,,,,,,
21_11_12,2,16,calli,11,control,C_4,post_stress_3,0.284,,,,,,,,,,,,,
21_11_12,2,16,chillensis,30,control,C_4,post_stress_3,0.25,,,,,,,,,,,,,
21_11_12,3,17,cham,29,low,L_5,post_stress_3,0.27,,,,,,,,,,,,,
21_11_12,3,17,calli,1,low,L_5,post_stress_3,0.171,,,,,,,,,,,,,
21_11_12,3,17,chillensis,31,low,L_5,post_stress_3,0.235,,,,,,,,,,,,,
21_11_12,3,11,cham,7,mid,M_3,post_stress_3,0.261,,,,,,,,,,,,,
21_11_12,3,11,calli,5,mid,M_3,post_stress_3,0.157,,,,,,,,,,,,,
21_11_12,3,11,chillensis,3,mid,M_3,post_stress_3,0.117,,,,,,,,,,,,,
21_11_12,3,26,cham,32,low,L_8,post_stress_3,0.223,,,,,,,,,,,,,
21_11_12,3,26,calli,37,low,L_8,post_stress_3,0.231,,,,,,,,,,,,,
21_11_12,3,26,chillensis,24,low,L_8,post_stress_3,0.249,,,,,,,,,,,,,
21_11_12,3,12,cham,13,mid,M_4,post_stress_3,0.176,,,,,,,,,,,,,
21_11_12,3,12,calli,27,mid,M_4,post_stress_3,0.198,,,,,,,,,,,,,
21_11_12,3,12,chillensis,17,mid,M_4,post_stress_3,0.18,,,,,,,,,,,,,
21_11_12,3,4,cham,3,mid,M_2,post_stress_3,0.204,,,,,,,,,,,,,
21_11_12,3,4,calli,23,mid,M_2,post_stress_3,0.062,,,,,,,,,,,,,
21_11_12,3,4,chillensis,5,mid,M_2,post_stress_3,0.191,,,,,,,,,,,,,
21_11_12,3,5,cham,34,high,H_1,post_stress_3,0.209,,,,,,,,,,,,,
21_11_12,3,5,calli,14,high,H_1,post_stress_3,0.072,,,,,,,,,,,,,
21_11_12,3,5,chillensis,8,high,H_1,post_stress_3,0.11,,,,,,,,,,,,,
21_11_12,3,13,cham,8,high,H_3,post_stress_3,0.174,,,,,,,,,,,,,
21_11_12,3,13,calli,18,high,H_3,post_stress_3,0.154,,,,,,,,,,,,,
21_11_12,3,13,chillensis,7,high,H_3,post_stress_3,131,,,,,,,,,,,,,
21_11_12,3,24,cham,18,control,C_6,post_stress_3,0.255,,,,,,,,,,,,,
21_11_12,3,24,calli,6,control,C_6,post_stress_3,0.238,,,,,,,,,,,,,
21_11_12,3,24,chillensis,28,control,C_6,post_stress_3,0.332,,,,,,,,,,,,,
21_11_12,4,21,cham,2,high,H_5,post_stress_3,0.157,,,,,,,,,,,,,
21_11_12,4,21,calli,32,high,H_5,post_stress_3,0.099,,,,,,,,,,,,,
21_11_12,4,21,chillensis,1,high,H_5,post_stress_3,0.145,,,,,,,,,,,,,
21_11_12,4,27,cham,30,mid,M_7,post_stress_3,0.234,,,,,,,,,,,,,
21_11_12,4,27,calli,26,mid,M_7,post_stress_3,0.152,,,,,,,,,,,,,
21_11_12,4,27,chillensis,12,mid,M_7,post_stress_3,0.248,,,,,,,,,,,,,
21_11_12,4,31,cham,39,control,C_7,post_stress_3,0.231,,,,,,,,,,,,,
21_11_12,4,31,calli,40,control,C_7,post_stress_3,0.247,,,,,,,,,,,,,
21_11_12,4,31,chillensis,11,control,C_7,post_stress_3,0.24,,,,,,,,,,,,,
21_11_12,4,3,cham,31,mid,M_1,post_stress_3,0.188,,,,,,,,,,,,,
21_11_12,4,3,calli,33,mid,M_1,post_stress_3,0.141,,,,,,,,,,,,,
21_11_12,4,3,chillensis,2,mid,M_1,post_stress_3,0.21,,,,,,,,,,,,,
21_11_12,4,18,cham,19,low,L_6,post_stress_3,0.374,,,,,,,,,,,,,
21_11_12,4,18,calli,38,low,L_6,post_stress_3,0.201,,,,,,,,,,,,,
21_11_12,4,18,chillensis,13,low,L_6,post_stress_3,0.273,,,,,,,,,,,,,
21_11_12,4,8,cham,36,control,C_2,post_stress_3,0.343,,,,,,,,,,,,,
21_11_12,4,8,calli,29,control,C_2,post_stress_3,0.27,,,,,,,,,,,,,
21_11_12,4,8,chillensis,14,control,C_2,post_stress_3,0.243,,,,,,,,,,,,,
21_11_12,4,19,cham,11,mid,M_5,post_stress_3,0.273,,,,,,,,,,,,,
21_11_12,4,19,calli,13,mid,M_5,post_stress_3,0.094,,,,,,,,,,,,,
21_11_12,4,19,chillensis,15,mid,M_5,post_stress_3,0.099,,,,,,,,,,,,,
21_11_12,4,29,cham,33,high,H_7,post_stress_3,0.163,,,,,,,,,,,,,
21_11_12,4,29,calli,3,high,H_7,post_stress_3,0.087,,,,,,,,,,,,,
21_11_12,4,29,chillensis,27,high,H_7,post_stress_3,0.098,,,,,,,,,,,,,
21_11_13,1,10,cham,25,low,L_4,post_stress_4,0.329,,,,,,,,,,,,,
21_11_13,1,10,calli,46,low,L_4,post_stress_4,0.121,,,,,,,,,,,,,
21_11_13,1,10,chillensis,26,low,L_4,post_stress_4,0.263,,,,,,,,,,,,,
21_11_13,1,32,cham,6,control,C_8,post_stress_4,0.346,,,,,,,,,,,,,
21_11_13,1,32,calli,4,control,C_8,post_stress_4,0.176,,,,,,,,,,,,,
21_11_13,1,32,chillensis,23,control,C_8,post_stress_4,0.247,,,,,,,,,,,,,
21_11_13,1,15,cham,4,control,C_3,post_stress_4,0.419,,,,,,,,,,,,,
21_11_13,1,15,calli,47,control,C_3,post_stress_4,0.329,,,,,,,,,,,,,
21_11_13,1,15,chillensis,6,control,C_3,post_stress_4,0.278,,,,,,,,,,,,,
21_11_13,1,9,cham,28,low,L_3,post_stress_4,0.324,,,,,,,,,,,,,
21_11_13,1,9,calli,48,low,L_3,post_stress_4,0.29,,,,,,,,,,,,,
21_11_13,1,9,chillensis,4,low,L_3,post_stress_4,0.287,,,,,,,,,,,,,
21_11_13,1,14,cham,10,high,H_4,post_stress_4,0.272,,,,,,,,,,,,,
21_11_13,1,14,calli,35,high,H_4,post_stress_4,0.099,,,,,,,,,,,,,
21_11_13,1,14,chillensis,25,high,H_4,post_stress_4,0.166,,,,,,,,,,,,,
21_11_13,1,23,cham,22,control,C_5,post_stress_4,0.471,,,,,,,,,,,,,
21_11_13,1,23,calli,12,control,C_5,post_stress_4,0.232,,,,,,,,,,,,,
21_11_13,1,23,chillensis,19,control,C_5,post_stress_4,0.386,,,,,,,,,,,,,
21_11_13,1,6,cham,9**,high,H_2,post_stress_4,0.197,,,,,,,,,,,,,
21_11_13,1,6,calli,20,high,H_2,post_stress_4,0.174,,,,,,,,,,,,,
21_11_13,1,6,chillensis,22,high,H_2,post_stress_4,0.13,,,,,,,,,,,,,
21_11_13,1,7,cham,26,control,C_1,post_stress_4,0.276,,,,,,,,,,,,,
21_11_13,1,7,calli,39,control,C_1,post_stress_4,0.241,,,,,,,,,,,,,
21_11_13,1,7,chillensis,10,control,C_1,post_stress_4,0.431,,,,,,,,,,,,,
21_11_13,2,25,cham,17,low,L_7,post_stress_4,0.411,,,,,,,,,,,,,
21_11_13,2,25,calli,21,low,L_7,post_stress_4,0.184,,,,,,,,,,,,,
21_11_13,2,25,chillensis,20,low,L_7,post_stress_4,0.259,,,,,,,,,,,,,
21_11_13,2,20,cham,24**,mid,M_6,post_stress_4,0.318,,,,,,,,,,,,,
21_11_13,2,20,calli,45,mid,M_6,post_stress_4,0.171,,,,,,,,,,,,,
21_11_13,2,20,chillensis,21,mid,M_6,post_stress_4,0.255,,,,,,,,,,,,,
21_11_13,2,30,cham,1,high,H_8,post_stress_4,0.188,,,,,,,,,,,,,
21_11_13,2,30,calli,17,high,H_8,post_stress_4,0.097,,,,,,,,,,,,,
21_11_13,2,30,chillensis,29,high,H_8,post_stress_4,0.161,,,,,,,,,,,,,
21_11_13,2,2,cham,35,low,L_2,post_stress_4,0.297,,,,,,,,,,,,,
21_11_13,2,2,calli,16,low,L_2,post_stress_4,0.227,,,,,,,,,,,,,
21_11_13,2,2,chillensis,16,low,L_2,post_stress_4,0.304,,,,,,,,,,,,,
21_11_13,2,28,cham,27,mid,M_8,post_stress_4,0.293,,,,,,,,,,,,,
21_11_13,2,28,calli,8,mid,M_8,post_stress_4,0.19,,,,,,,,,,,,,
21_11_13,2,28,chillensis,9,mid,M_8,post_stress_4,0.228,,,,,,,,,,,,,
21_11_13,2,22,cham,16,high,H_6,post_stress_4,0.164,,,,,,,,,,,,,
21_11_13,2,22,calli,19,high,H_6,post_stress_4,0.108,,,,,,,,,,,,,
21_11_13,2,22,chillensis,32,high,H_6,post_stress_4,0.177,,,,,,,,,,,,,
21_11_13,2,1,cham,21,low,L_1,post_stress_4,0.342,,,,,,,,,,,,,
21_11_13,2,1,calli,31,low,L_1,post_stress_4,0.263,,,,,,,,,,,,,
21_11_13,2,1,chillensis,18,low,L_1,post_stress_4,0.264,,,,,,,,,,,,,
21_11_13,2,16,cham,23**,control,C_4,post_stress_4,0.357,,,,,,,,,,,,,
21_11_13,2,16,calli,11,control,C_4,post_stress_4,0.282,,,,,,,,,,,,,
21_11_13,2,16,chillensis,30,control,C_4,post_stress_4,0.216,,,,,,,,,,,,,
21_11_13,3,17,cham,29,low,L_5,post_stress_4,0.254,,,,,,,,,,,,,
21_11_13,3,17,calli,1,low,L_5,post_stress_4,0.255,,,,,,,,,,,,,
21_11_13,3,17,chillensis,31,low,L_5,post_stress_4,0.315,,,,,,,,,,,,,
21_11_13,3,11,cham,7,mid,M_3,post_stress_4,0.311,,,,,,,,,,,,,
21_11_13,3,11,calli,5,mid,M_3,post_stress_4,0.225,,,,,,,,,,,,,
21_11_13,3,11,chillensis,3,mid,M_3,post_stress_4,0.154,,,,,,,,,,,,,
21_11_13,3,26,cham,32,low,L_8,post_stress_4,0.347,,,,,,,,,,,,,
21_11_13,3,26,calli,37,low,L_8,post_stress_4,0.317,,,,,,,,,,,,,
21_11_13,3,26,chillensis,24,low,L_8,post_stress_4,0.262,,,,,,,,,,,,,
21_11_13,3,12,cham,13,mid,M_4,post_stress_4,0.207,,,,,,,,,,,,,
21_11_13,3,12,calli,27,mid,M_4,post_stress_4,0.173,,,,,,,,,,,,,
21_11_13,3,12,chillensis,17,mid,M_4,post_stress_4,0.197,,,,,,,,,,,,,
21_11_13,3,4,cham,3,mid,M_2,post_stress_4,0.194,,,,,,,,,,,,,
21_11_13,3,4,calli,23,mid,M_2,post_stress_4,0.157,,,,,,,,,,,,,
21_11_13,3,4,chillensis,5,mid,M_2,post_stress_4,0.235,,,,,,,,,,,,,
21_11_13,3,5,cham,34,high,H_1,post_stress_4,0.182,,,,,,,,,,,,,
21_11_13,3,5,calli,14,high,H_1,post_stress_4,0.085,,,,,,,,,,,,,
21_11_13,3,5,chillensis,8,high,H_1,post_stress_4,0.149,,,,,,,,,,,,,
21_11_13,3,13,cham,8,high,H_3,post_stress_4,0.269,,,,,,,,,,,,,
21_11_13,3,13,calli,18,high,H_3,post_stress_4,0.222,,,,,,,,,,,,,
21_11_13,3,13,chillensis,7,high,H_3,post_stress_4,0.158,,,,,,,,,,,,,
21_11_13,3,24,cham,18,control,C_6,post_stress_4,0.321,,,,,,,,,,,,,
21_11_13,3,24,calli,6,control,C_6,post_stress_4,0.182,,,,,,,,,,,,,
21_11_13,3,24,chillensis,28,control,C_6,post_stress_4,0.275,,,,,,,,,,,,,
21_11_13,4,21,cham,2,high,H_5,post_stress_4,0.227,,,,,,,,,,,,,
21_11_13,4,21,calli,32,high,H_5,post_stress_4,0.099,,,,,,,,,,,,,
21_11_13,4,21,chillensis,1,high,H_5,post_stress_4,0.147,,,,,,,,,,,,,
21_11_13,4,27,cham,30,mid,M_7,post_stress_4,0.264,,,,,,,,,,,,,
21_11_13,4,27,calli,26,mid,M_7,post_stress_4,0.16,,,,,,,,,,,,,
21_11_13,4,27,chillensis,12,mid,M_7,post_stress_4,0.245,,,,,,,,,,,,,
21_11_13,4,31,cham,39,control,C_7,post_stress_4,0.208,,,,,,,,,,,,,
21_11_13,4,31,calli,40,control,C_7,post_stress_4,0.204,,,,,,,,,,,,,
21_11_13,4,31,chillensis,11,control,C_7,post_stress_4,0.321,,,,,,,,,,,,,
21_11_13,4,3,cham,31,mid,M_1,post_stress_4,0.261,,,,,,,,,,,,,
21_11_13,4,3,calli,33,mid,M_1,post_stress_4,0.157,,,,,,,,,,,,,
21_11_13,4,3,chillensis,2,mid,M_1,post_stress_4,0.221,,,,,,,,,,,,,
21_11_13,4,18,cham,19,low,L_6,post_stress_4,0.414,,,,,,,,,,,,,
21_11_13,4,18,calli,38,low,L_6,post_stress_4,0.222,,,,,,,,,,,,,
21_11_13,4,18,chillensis,13,low,L_6,post_stress_4,0.318,,,,,,,,,,,,,
21_11_13,4,8,cham,36,control,C_2,post_stress_4,0.372,,,,,,,,,,,,,
21_11_13,4,8,calli,29,control,C_2,post_stress_4,0.257,,,,,,,,,,,,,
21_11_13,4,8,chillensis,14,control,C_2,post_stress_4,0.255,,,,,,,,,,,,,
21_11_13,4,19,cham,11,mid,M_5,post_stress_4,0.333,,,,,,,,,,,,,
21_11_13,4,19,calli,13,mid,M_5,post_stress_4,0.146,,,,,,,,,,,,,
21_11_13,4,19,chillensis,15,mid,M_5,post_stress_4,0.232,,,,,,,,,,,,,
21_11_13,4,29,cham,33,high,H_7,post_stress_4,0.217,,,,,,,,,,,,,
21_11_13,4,29,calli,3,high,H_7,post_stress_4,0.107,,,,,,,,,,,,,
21_11_13,4,29,chillensis,27,high,H_7,post_stress_4,0.168,,,,,,,,,,,,,
21_11_14,1,10,cham,25,low,L_4,post_stress_5,0.307,,,,,,,,,,,,,
21_11_14,1,10,calli,46,low,L_4,post_stress_5,0.073,,,,,,,,,,,,,
21_11_14,1,10,chillensis,26,low,L_4,post_stress_5,0.271,,,,,,,,,,,,,
21_11_14,1,32,cham,6,control,C_8,post_stress_5,0.339,,,,,,,,,,,,,
21_11_14,1,32,calli,4,control,C_8,post_stress_5,0.156,,,,,,,,,,,,,
21_11_14,1,32,chillensis,23,control,C_8,post_stress_5,0.29,,,,,,,,,,,,,
21_11_14,1,15,cham,4,control,C_3,post_stress_5,0.385,,,,,,,,,,,,,
21_11_14,1,15,calli,47,control,C_3,post_stress_5,0.22,,,,,,,,,,,,,
21_11_14,1,15,chillensis,6,control,C_3,post_stress_5,0.348,,,,,,,,,,,,,
21_11_14,1,9,cham,28,low,L_3,post_stress_5,0.273,,,,,,,,,,,,,
21_11_14,1,9,calli,48,low,L_3,post_stress_5,0.258,,,,,,,,,,,,,
21_11_14,1,9,chillensis,4,low,L_3,post_stress_5,0.239,,,,,,,,,,,,,
21_11_14,1,14,cham,10,high,H_4,post_stress_5,0.264,,,,,,,,,,,,,
21_11_14,1,14,calli,35,high,H_4,post_stress_5,0.154,,,,,,,,,,,,,
21_11_14,1,14,chillensis,25,high,H_4,post_stress_5,0.223,,,,,,,,,,,,,
21_11_14,1,23,cham,22,control,C_5,post_stress_5,0.53,,,,,,,,,,,,,
21_11_14,1,23,calli,12,control,C_5,post_stress_5,0.293,,,,,,,,,,,,,
21_11_14,1,23,chillensis,19,control,C_5,post_stress_5,0.282,,,,,,,,,,,,,
21_11_14,1,6,cham,9**,high,H_2,post_stress_5,0.207,,,,,,,,,,,,,
21_11_14,1,6,calli,20,high,H_2,post_stress_5,0.126,,,,,,,,,,,,,
21_11_14,1,6,chillensis,22,high,H_2,post_stress_5,0.204,,,,,,,,,,,,,
21_11_14,1,7,cham,26,control,C_1,post_stress_5,0.363,,,,,,,,,,,,,
21_11_14,1,7,calli,39,control,C_1,post_stress_5,0.283,,,,,,,,,,,,,
21_11_14,1,7,chillensis,10,control,C_1,post_stress_5,0.272,,,,,,,,,,,,,
21_11_14,2,25,cham,17,low,L_7,post_stress_5,0.181,,,,,,,,,,,,,
21_11_14,2,25,calli,21,low,L_7,post_stress_5,0.249,,,,,,,,,,,,,
21_11_14,2,25,chillensis,20,low,L_7,post_stress_5,0.268,,,,,,,,,,,,,
21_11_14,2,20,cham,24**,mid,M_6,post_stress_5,0.343,,,,,,,,,,,,,
21_11_14,2,20,calli,45,mid,M_6,post_stress_5,0.18,,,,,,,,,,,,,
21_11_14,2,20,chillensis,21,mid,M_6,post_stress_5,0.178,,,,,,,,,,,,,
21_11_14,2,30,cham,1,high,H_8,post_stress_5,0.294,,,,,,,,,,,,,
21_11_14,2,30,calli,17,high,H_8,post_stress_5,0.153,,,,,,,,,,,,,
21_11_14,2,30,chillensis,29,high,H_8,post_stress_5,0.118,,,,,,,,,,,,,
21_11_14,2,2,cham,35,low,L_2,post_stress_5,0.282,,,,,,,,,,,,,
21_11_14,2,2,calli,16,low,L_2,post_stress_5,0.258,,,,,,,,,,,,,
21_11_14,2,2,chillensis,16,low,L_2,post_stress_5,0.378,,,,,,,,,,,,,
21_11_14,2,28,cham,27,mid,M_8,post_stress_5,0.293,,,,,,,,,,,,,
21_11_14,2,28,calli,8,mid,M_8,post_stress_5,0.091,,,,,,,,,,,,,
21_11_14,2,28,chillensis,9,mid,M_8,post_stress_5,0.186,,,,,,,,,,,,,
21_11_14,2,22,cham,16,high,H_6,post_stress_5,0.206,,,,,,,,,,,,,
21_11_14,2,22,calli,19,high,H_6,post_stress_5,0.141,,,,,,,,,,,,,
21_11_14,2,22,chillensis,32,high,H_6,post_stress_5,0.258,,,,,,,,,,,,,
21_11_14,2,1,cham,21,low,L_1,post_stress_5,0.356,,,,,,,,,,,,,
21_11_14,2,1,calli,31,low,L_1,post_stress_5,0.245,,,,,,,,,,,,,
21_11_14,2,1,chillensis,18,low,L_1,post_stress_5,0.312,,,,,,,,,,,,,
21_11_14,2,16,cham,23**,control,C_4,post_stress_5,0.429,,,,,,,,,,,,,
21_11_14,2,16,calli,11,control,C_4,post_stress_5,0.188,,,,,,,,,,,,,
21_11_14,2,16,chillensis,30,control,C_4,post_stress_5,0.264,,,,,,,,,,,,,
21_11_14,3,17,cham,29,low,L_5,post_stress_5,,,,,,,,,,,,,,
21_11_14,3,17,calli,1,low,L_5,post_stress_5,,,,,,,,,,,,,,
21_11_14,3,17,chillensis,31,low,L_5,post_stress_5,,,,,,,,,,,,,,
21_11_14,3,11,cham,7,mid,M_3,post_stress_5,,,,,,,,,,,,,,
21_11_14,3,11,calli,5,mid,M_3,post_stress_5,,,,,,,,,,,,,,
21_11_14,3,11,chillensis,3,mid,M_3,post_stress_5,,,,,,,,,,,,,,
21_11_14,3,26,cham,32,low,L_8,post_stress_5,,,,,,,,,,,,,,
21_11_14,3,26,calli,37,low,L_8,post_stress_5,,,,,,,,,,,,,,
21_11_14,3,26,chillensis,24,low,L_8,post_stress_5,,,,,,,,,,,,,,
21_11_14,3,12,cham,13,mid,M_4,post_stress_5,,,,,,,,,,,,,,
21_11_14,3,12,calli,27,mid,M_4,post_stress_5,,,,,,,,,,,,,,
21_11_14,3,12,chillensis,17,mid,M_4,post_stress_5,,,,,,,,,,,,,,
21_11_14,3,4,cham,3,mid,M_2,post_stress_5,,,,,,,,,,,,,,
21_11_14,3,4,calli,23,mid,M_2,post_stress_5,,,,,,,,,,,,,,
21_11_14,3,4,chillensis,5,mid,M_2,post_stress_5,,,,,,,,,,,,,,
21_11_14,3,5,cham,34,high,H_1,post_stress_5,,,,,,,,,,,,,,
21_11_14,3,5,calli,14,high,H_1,post_stress_5,,,,,,,,,,,,,,
21_11_14,3,5,chillensis,8,high,H_1,post_stress_5,,,,,,,,,,,,,,
21_11_14,3,13,cham,8,high,H_3,post_stress_5,,,,,,,,,,,,,,
21_11_14,3,13,calli,18,high,H_3,post_stress_5,,,,,,,,,,,,,,
21_11_14,3,13,chillensis,7,high,H_3,post_stress_5,,,,,,,,,,,,,,
21_11_14,3,24,cham,18,control,C_6,post_stress_5,,,,,,,,,,,,,,
21_11_14,3,24,calli,6,control,C_6,post_stress_5,,,,,,,,,,,,,,
21_11_14,3,24,chillensis,28,control,C_6,post_stress_5,,,,,,,,,,,,,,
21_11_14,4,21,cham,2,high,H_5,post_stress_5,,,,,,,,,,,,,,
21_11_14,4,21,calli,32,high,H_5,post_stress_5,,,,,,,,,,,,,,
21_11_14,4,21,chillensis,1,high,H_5,post_stress_5,,,,,,,,,,,,,,
21_11_14,4,27,cham,30,mid,M_7,post_stress_5,,,,,,,,,,,,,,
21_11_14,4,27,calli,26,mid,M_7,post_stress_5,,,,,,,,,,,,,,
21_11_14,4,27,chillensis,12,mid,M_7,post_stress_5,,,,,,,,,,,,,,
21_11_14,4,31,cham,39,control,C_7,post_stress_5,,,,,,,,,,,,,,
21_11_14,4,31,calli,40,control,C_7,post_stress_5,,,,,,,,,,,,,,
21_11_14,4,31,chillensis,11,control,C_7,post_stress_5,,,,,,,,,,,,,,
21_11_14,4,3,cham,31,mid,M_1,post_stress_5,,,,,,,,,,,,,,
21_11_14,4,3,calli,33,mid,M_1,post_stress_5,,,,,,,,,,,,,,
21_11_14,4,3,chillensis,2,mid,M_1,post_stress_5,,,,,,,,,,,,,,
21_11_14,4,18,cham,19,low,L_6,post_stress_5,,,,,,,,,,,,,,
21_11_14,4,18,calli,38,low,L_6,post_stress_5,,,,,,,,,,,,,,
21_11_14,4,18,chillensis,13,low,L_6,post_stress_5,,,,,,,,,,,,,,
21_11_14,4,8,cham,36,control,C_2,post_stress_5,,,,,,,,,,,,,,
21_11_14,4,8,calli,29,control,C_2,post_stress_5,,,,,,,,,,,,,,
21_11_14,4,8,chillensis,14,control,C_2,post_stress_5,,,,,,,,,,,,,,
21_11_14,4,19,cham,11,mid,M_5,post_stress_5,,,,,,,,,,,,,,
21_11_14,4,19,calli,13,mid,M_5,post_stress_5,,,,,,,,,,,,,,
21_11_14,4,19,chillensis,15,mid,M_5,post_stress_5,,,,,,,,,,,,,,
21_11_14,4,29,cham,33,high,H_7,post_stress_5,,,,,,,,,,,,,,
21_11_14,4,29,calli,3,high,H_7,post_stress_5,,,,,,,,,,,,,,
21_11_14,4,29,chillensis,27,high,H_7,post_stress_5,,,,,,,,,,,,,,